model,accuracy_mean,accuracy_std,runtime_seconds
TANet,92.80989074707031,7.585512161254883,4425.25419238396
STANet,92.47657012939453,8.197334289550781,1884.6360218189657
